{
    "train_losses": [
        0.9665005645155906,
        0.883168231844902,
        0.8407930418848991,
        0.8090547063946724,
        0.7617667111754417,
        0.7333339571952819,
        0.707845654040575,
        0.682420903891325,
        0.6634192097187043,
        0.6481662130355835
    ],
    "train_accuracies": [
        55.84375,
        62.3125,
        65.28125,
        68.625,
        71.0625,
        73.4375,
        75.40625,
        76.53125,
        78.875,
        80.21875
    ],
    "val_losses": [
        0.941156941652298,
        0.9095528614521027,
        0.8840548324584961,
        0.8955471539497375,
        0.9129621982574463,
        0.919204785823822,
        0.9378526020050049,
        0.9445748960971833,
        0.9406111252307892,
        0.9485809314250946
    ],
    "val_accuracies": [
        53.875,
        60.875,
        61.25,
        62.0,
        61.75,
        61.75,
        61.625,
        61.375,
        61.25,
        62.375
    ]
}