{
    "train_losses": [
        0.8815452003479004,
        0.7924273608624935,
        0.7334913539886475,
        0.696172087341547,
        0.6795607215166092,
        0.647518802434206,
        0.6413772605359555,
        0.6484071451425553,
        0.6399919509887695,
        0.6385076820850373
    ],
    "train_accuracies": [
        59.53125,
        64.6875,
        68.53125,
        70.9375,
        70.40625,
        73.21875,
        73.65625,
        73.40625,
        73.15625,
        73.84375
    ],
    "val_losses": [
        0.8287036943435669,
        0.7740847933292389,
        0.7357376950979233,
        0.722801119685173,
        0.7023362928628921,
        0.6957794040441513,
        0.6968970221281051,
        0.6989813995361328,
        0.6984345877170562,
        0.6976597368717193
    ],
    "val_accuracies": [
        61.5,
        66.25,
        66.25,
        65.75,
        67.75,
        67.5,
        68.25,
        67.75,
        67.875,
        67.625
    ]
}