{
    "train_losses": [
        0.9011007386445999,
        0.8345772843062877,
        0.8055047926306724,
        0.7886935536563396,
        0.7715894211828709,
        0.7537478530406951,
        0.7511501799523831,
        0.7577740974724293,
        0.7528404523432255
    ],
    "train_accuracies": [
        59.3125,
        62.34375,
        64.59375,
        64.9375,
        65.1875,
        67.21875,
        67.21875,
        66.15625,
        67.21875
    ],
    "val_losses": [
        0.8456488072872161,
        0.8192838406562806,
        0.7959211349487305,
        0.7949341976642609,
        0.7875982797145844,
        0.7827696478366852,
        0.7832476854324341,
        0.7815715432167053,
        0.78455482006073
    ],
    "val_accuracies": [
        59.875,
        62.875,
        63.125,
        63.625,
        63.5,
        63.875,
        63.125,
        63.25,
        62.125
    ]
}