{
    "train_losses": [
        0.9014922201633453,
        0.8355886358022689,
        0.7961196771264076,
        0.7786298727989197,
        0.7703816576302052,
        0.7431137768924236,
        0.743724987655878,
        0.7425234970450402
    ],
    "train_accuracies": [
        59.0625,
        61.78125,
        64.875,
        66.25,
        66.71875,
        68.1875,
        67.28125,
        68.3125
    ],
    "val_losses": [
        0.8442139184474945,
        0.8086510992050171,
        0.7919161665439606,
        0.7918780279159546,
        0.7752236270904541,
        0.7744200599193573,
        0.7763225436210632,
        0.77158536195755
    ],
    "val_accuracies": [
        60.875,
        63.75,
        64.5,
        64.125,
        64.875,
        64.875,
        64.25,
        64.375
    ]
}