{
    "train_losses": [
        0.8888371980190277,
        0.7887011627852917,
        0.7394591471552849,
        0.7174691973626613,
        0.689965488165617,
        0.6676115417480468,
        0.6609353107213974,
        0.6655259627103806,
        0.657372640967369,
        0.6562452971935272
    ],
    "train_accuracies": [
        59.09375,
        65.125,
        68.84375,
        68.71875,
        70.59375,
        71.625,
        72.71875,
        71.71875,
        72.25,
        72.1875
    ],
    "val_losses": [
        0.8147130668163299,
        0.7724141359329224,
        0.7271514636278152,
        0.7353993010520935,
        0.7007134568691253,
        0.6930425071716309,
        0.6928417927026749,
        0.6901197284460068,
        0.6908314019441605,
        0.6872357028722763
    ],
    "val_accuracies": [
        61.625,
        67.75,
        67.75,
        65.5,
        68.125,
        69.125,
        69.375,
        69.375,
        68.75,
        69.0
    ]
}