{"train_losses": [1.0135157629847527, 0.9254374751448631, 0.8557475605607032, 0.8215592756867409, 0.8023147994279861, 0.7730301424860955, 0.7495003554224968, 0.7365369617938995, 0.7153062695264816, 0.7000905685126781], "train_accuracies": [53.46875, 59.40625, 64.75, 68.03125, 69.96875, 71.375, 72.3125, 73.5625, 74.78125, 76.28125], "val_losses": [0.9463688325881958, 0.842350492477417, 0.8141278457641602, 0.8430128264427185, 0.7804565119743347, 0.773919905424118, 0.7634578132629395, 0.7541639506816864, 0.7628291779756546, 0.7831630778312683], "val_accuracies": [59.625, 65.625, 67.75, 68.75, 70.125, 70.0, 71.875, 72.25, 72.375, 71.125]}