{
    "train_losses": [
        0.9283606305718421,
        0.8340322095155716,
        0.7999324423074722,
        0.7665139862895012,
        0.7428735035657883,
        0.7227000722289085,
        0.7040612132847309,
        0.6857697109878064,
        0.6762163379788398,
        0.6745514468848706
    ],
    "train_accuracies": [
        60.65625,
        66.84375,
        69.59375,
        71.1875,
        73.65625,
        73.9375,
        75.46875,
        75.75,
        76.5625,
        77.34375
    ],
    "val_losses": [
        0.8182659947872162,
        0.7993249559402466,
        0.7695844507217408,
        0.7739567959308624,
        0.7829526495933533,
        0.7796873497962952,
        0.7755965757369995,
        0.7788033604621887,
        0.7807139754295349,
        0.7810306704044342
    ],
    "val_accuracies": [
        66.625,
        68.375,
        71.75,
        70.625,
        70.75,
        71.125,
        72.25,
        72.5,
        72.25,
        72.5
    ]
}