{"train_losses": [0.9892081332206726, 0.8872409525513649, 0.848828030526638, 0.812580534517765, 0.7924569034576416, 0.7907558706402779, 0.766211607158184, 0.7575205327570438, 0.7482635407149791, 0.7423329865932464], "train_accuracies": [53.96875, 63.46875, 65.90625, 68.1875, 69.40625, 70.5625, 72.0625, 72.5625, 72.25, 73.0], "val_losses": [0.8695233058929444, 0.8238893103599548, 0.8015721952915191, 0.7911973834037781, 0.789476648569107, 0.7815633630752563, 0.7889761853218079, 0.7753403115272522, 0.7675668597221375, 0.7865420770645142], "val_accuracies": [61.25, 67.5, 68.625, 68.875, 70.0, 68.875, 70.875, 71.0, 72.0, 70.5]}