{"train_losses": [0.993908554315567, 0.9163732957839966, 0.8664392206072807, 0.843354525566101, 0.7937509055435658, 0.7634391088783741, 0.7420182830095291, 0.7269408442080021, 0.7075220376253128, 0.6904503892362118], "train_accuracies": [55.6875, 61.15625, 63.625, 66.5, 69.21875, 72.0, 72.75, 73.78125, 74.125, 76.21875], "val_losses": [0.9998219227790832, 0.9012485361099243, 1.0004336762428283, 0.8752236795425415, 0.8628450202941894, 0.8221905410289765, 0.7899532473087311, 0.8175227272510529, 0.8000474274158478, 0.8356148886680603], "val_accuracies": [58.5, 62.25, 60.5, 65.25, 64.125, 69.625, 69.75, 68.75, 71.5, 70.25]}